model,accuracy,f1,roc_auc
LogisticRegression,0.74519,0.697157,0.812769
XGBoost,0.723869,0.656755,0.796483
